name,value
Pentanoic Acid,NQPDZGIKBAWPEJ-UHFFFAOYSA-N
Propionic Acid,XBDQKXXYIPTUBI-UHFFFAOYSA-N
Hexanoic Acid,FUZZWVXGSFPDMH-UHFFFAOYSA-N
Nonanoic Acid,FBUKVWPVBMHYJY-UHFFFAOYSA-N
Isovaleric Acid,GWYFCOCPABKNJV-UHFFFAOYSA-N
Nonanedioic Acid,BDJRBEYXGGNYIS-UHFFFAOYSA-N
4-hydroxycoumarin,VXIXUWQIVKSKSA-UHFFFAOYSA-N
4-Chromanone,MSTDXOZUKAQDRL-UHFFFAOYSA-N
2-Butanone,ZWEHNKRNPOVVGH-UHFFFAOYSA-N
2-Hexanone,QQZOPKMRPOGIEB-UHFFFAOYSA-N
2-Heptanone,CATSNJVOTSVZJV-UHFFFAOYSA-N
3-Heptanone,NGAZZOYFWWSOGK-UHFFFAOYSA-N
2-Octanone,ZPVFWPFBNIEHGJ-UHFFFAOYSA-N
3-Octanone,RHLVCLIPMVJYKS-UHFFFAOYSA-N
2-Nonanone,VKCYHJWLYTUGCC-UHFFFAOYSA-N
"2,3-Hexanedione",MWVFCEVNXHTDNF-UHFFFAOYSA-N
"3,4-Hexanedione",KVFQMAZOBTXCAZ-UHFFFAOYSA-N
(-)-Carvone,ULDHMXUKGWMISQ-SECBINFHSA-N
(+)-Dihydrocarvone,AZOCECCLWFDTAP-IUCAKERBSA-N
(+)-Camphor,DSSYKIVIOFKYAU-OIBJUYFYSA-N
Dihydrojasmone,YCIXWYOBMVNGTB-UHFFFAOYSA-N
Benzophenone,RWCCWEUUXYIKHB-UHFFFAOYSA-N
(+)-Pulegone,NZGWDASTMWDZIW-QMMMGPOBSA-N
Dimedone,BADXJIPKFRBFOT-UHFFFAOYSA-N
(-)-Menthone,NFLGAXVYCFJBMK-BDAKNGLRSA-N
beta-ionone,PSQYTAPXSHCGMF-BQYQJAHWSA-N
Pentyl acetate,PGMYKACGEOXYJE-UHFFFAOYSA-N
Allyl heptanoate,SJWKGDGUQTWDRV-UHFFFAOYSA-N
Amyl hexanoate,WRFZKAGPPQGDDQ-UHFFFAOYSA-N
Amyl butyrate,CFNJLPHOBMVMNS-UHFFFAOYSA-N
Butyl heptanoate,YPQSPODHFDGVAC-UHFFFAOYSA-N
Heptyl isobutyrate,RFDUMBPGZUIKOG-UHFFFAOYSA-N
Hexyl acetate,AOGQPLXWSUTHQB-UHFFFAOYSA-N
Butyl formate,NMJJFJNHVMGPGM-UHFFFAOYSA-N
Isoamyl acetate,MLFHJEHSLIIPHL-UHFFFAOYSA-N
Ethyl isobutyrate,WDAXFOBOLVPGLV-UHFFFAOYSA-N
1-butanol,LRHPLDYGYMQRHN-UHFFFAOYSA-N
1-propanol,BDERNNFJNOPAEC-UHFFFAOYSA-N
1-pentanol,AMQJEAYHLZJPGS-UHFFFAOYSA-N
1-hexanol,ZSIAUFGUXNUGDI-UHFFFAOYSA-N
1-heptanol,BBMCTIGTTCKYKF-UHFFFAOYSA-N
1-octanol,KBPLFHHGFOOTCA-UHFFFAOYSA-N
1-nonanol,ZWRUINPWMLAQRD-UHFFFAOYSA-N
1-decanol,MWKFXSUHUHTGQN-UHFFFAOYSA-N
(+)-2-Heptanol,CETWDUZRCINIHU-UHFFFAOYSA-N
(+)-2-Octanol,SJWFXCIHNDVPSH-UHFFFAOYSA-N
(-)-B-Citronellol,QMVPMAAFGQKVCJ-UHFFFAOYSA-N
Geraniol,GLZPCOQZEFWAFX-JXMROGBWSA-N
Linalool,CDOSHBSSFJOMGT-UHFFFAOYSA-N
1-Undecanol,KJIOQYGWTQBHNH-UHFFFAOYSA-N
Allyl phenylacetate,ZCDYAMJXVAUTIM-UHFFFAOYSA-N
Benzene,UHOVQNZJYSORNB-UHFFFAOYSA-N
Benzyl acetate,QUKGYYKBILRGFE-UHFFFAOYSA-N
Phenyl acetate,IPBVNPXQWQGGJP-UHFFFAOYSA-N
Octanethiol,KZCOBXFFBQJQHH-UHFFFAOYSA-N
Nonanethiol,ZVEZMVFBMOOHAT-UHFFFAOYSA-N
Butanal,ZTQSAGDEMFDKMZ-UHFFFAOYSA-N
Pentanal,HGBOYTHUEUWSSQ-UHFFFAOYSA-N
Hexanal,JARKCYVAAOWBJS-UHFFFAOYSA-N
Heptanal,FXHGMKSSBGDXIY-UHFFFAOYSA-N
Octanal,NUJGJRNETVAIRJ-UHFFFAOYSA-N
Nonanal,GYHFUZHODSMOHU-UHFFFAOYSA-N
Decanal,KSMVZQYAVGTKIV-UHFFFAOYSA-N
Citral,WTEVQBCEXWBHNA-JXMROGBWSA-N
Hydroxycitronellal,WPFVBOQKRVRMJB-UHFFFAOYSA-N
Lyral,ORMHZBNNECIKOH-UHFFFAOYSA-N
a-Amylcinnamaldehyde,HMKKIXGYKWDQSV-SDNWHVSQSA-N
Anethole,RUVINXPYWBROJD-ONEGZZNKSA-N
Anisaldehyde,ZRSNZINYAWTAHE-UHFFFAOYSA-N
benzyl benzoate (Pentamethylbenzaldehyde),SESFRYSPDFLNCH-UHFFFAOYSA-N
Benzyl salicylate,ZCTQGTTXIYCGGC-UHFFFAOYSA-N
Cedryl acetate,HQKQRXZEXPXXIG-NTIOYTNASA-N
Cinnamyl alcohol,OOCCDEMITAIZTP-QPJJXVBHSA-N
Cinnamaldehyde,KJPRLNWUNMBNBZ-QPJJXVBHSA-N
p-cymene,HFPZCAJZSCWRBC-UHFFFAOYSA-N
Eucalyptol,WEEGYLXZBRQIMU-UHFFFAOYSA-N
a-Hexylcinnamaldehyde,GUUHFMWKWLOQMM-NTCAYCPXSA-N
Isobornyl acetate,KGEKLUUHTZCSIP-JFGNBEQYSA-N
a-Amylcinnamaldehyde dimethyl acetal,QCHZKUPVENJLAW-FYWRMAATSA-N
p-Tolyl isobutyrate,UPPSFGGDKACIKP-UHFFFAOYSA-N
o-Tolyl isobutyrate,FDJBDZVTTXWIQM-UHFFFAOYSA-N
p-Tolyl phenylacetate,OJEQSSJFSNLMLB-UHFFFAOYSA-N
2-Methoxy-3-Methyl-pyrazine,VKJIAEQRKBQLLA-UHFFFAOYSA-N
2-Methoxypyrazine,WKSXRWSOSLGSTN-UHFFFAOYSA-N
Methyl salicylate,OSWPMRLSEDHDFF-UHFFFAOYSA-N
Myrcene,UAHWPYUMFXYFJY-UHFFFAOYSA-N
w-Pentadecalactone1,FKUPPRZPSYCDRS-UHFFFAOYSA-N
2-Phenylethanol,WRMNZCZEMHIOCP-UHFFFAOYSA-N
2-Phenethyl acetate,MDHYEMXUFSJLGV-UHFFFAOYSA-N
Piperonal,SATCULPHIDQDRE-UHFFFAOYSA-N
Pyrazine,KYQCOXFCLRTKLS-UHFFFAOYSA-N
thymol,MGSRCZKZVOBKFT-UHFFFAOYSA-N
Triethylamine,ZMANZCXQSJIPKH-UHFFFAOYSA-N
Methyl eugenol,ZYEMGPIYFIJGTP-UHFFFAOYSA-N
Eugenol,RRAFCDWBNXTKKO-UHFFFAOYSA-N
Eugenol methyl ether,ZYEMGPIYFIJGTP-UHFFFAOYSA-N
4-Ethylphenol,HXDOZKJGKXYMEW-UHFFFAOYSA-N
Ethyl vanillin,CBOQJANXLMLOSS-UHFFFAOYSA-N
Vanillin,MWOOGOJBHIARFG-UHFFFAOYSA-N
2-Ethylphenol,IXQGCWUGDFDQMF-UHFFFAOYSA-N
Guaiacol,LHGVFZTZFXWLCP-UHFFFAOYSA-N
2-bromophenol,VADKRMSMGWJZCF-UHFFFAOYSA-N
Benzaldehyde,HUMNYLRZRPPJDN-UHFFFAOYSA-N
Piperonyl alcohol,BHUIUXNAPJIDOG-UHFFFAOYSA-N
Piperonyl acetate,PFWYHTORQZAGCA-UHFFFAOYSA-N
Tetrahydrofuran,WYURNTSHIVDZCO-UHFFFAOYSA-N
ÊTetrahydropyran,DHXVGJBLRPWPCS-UHFFFAOYSA-N
Benzaldehyde dimethyl acetal,HEVMDQBCAHEHDY-UHFFFAOYSA-N
Ê2-Methyl-1-propanethiol,BDFAOUQQXJIZDG-UHFFFAOYSA-N
(+)-Dihydrocarveol,KRCZYMFUWVJCLI-OPRDCNLKSA-N
(-)-Dihydrocarveol,KRCZYMFUWVJCLI-OPRDCNLKSA-N
(+)-Perillaaldehyde,RUMOYJJNUMEFDD-SNVBAGLBSA-N
(-)-Perillaaldehyde,RUMOYJJNUMEFDD-SNVBAGLBSA-N
(+)-Limonene oxide,CCEFMUBVSUDRLG-IDKOKCKLSA-N
(-)-Limonene oxide,CCEFMUBVSUDRLG-IDKOKCKLSA-N
Ê(R)-(+)-Limonene,XMGQYMWWDOXHJM-JTQLQIEISA-N
(-)-Camphene,CRPUJAZIXJMDBK-BDAKNGLRSA-N
(+)-Camphene,CRPUJAZIXJMDBK-BDAKNGLRSA-N
"2,3-Diethyl-5-methylpyrazine",PSINWXIDJYEXLO-UHFFFAOYSA-N
Ethyl disulfide,CETBSQOFQKLHHZ-UHFFFAOYSA-N
Methyl disulfide,WQOXQRCZOLPYPM-UHFFFAOYSA-N
Ethyl 2-methylbutyrate,HCRBXQFHJMCTLF-UHFFFAOYSA-N
trans-2-Dodecenal,SSNZFFBDIMUILS-ZHACJKMWSA-N
1-Octen-3-one,KLTVSWGXIAYTHO-UHFFFAOYSA-N
2-Bromohexanoic acid,HZTPKMIMXLTOSK-UHFFFAOYSA-N
6-Bromohexanoic acid,NVRVNSHHLPQGCU-UHFFFAOYSA-N
2-Bromooctanoic acid,GTGTXZRPJHDASG-UHFFFAOYSA-N
Furfuryl methyl disulfide,CLSLQQCDHOZMDT-UHFFFAOYSA-N
Ethyl isovalerate,PPXUHEORWJQRHJ-UHFFFAOYSA-N
Bis(2-methyl-3-furyl) disulfide,OHDFENKFSKIFBJ-UHFFFAOYSA-N
Dimethyl trisulfide,YWHLKYXPLRWGSE-UHFFFAOYSA-N
"trans-2,cis-6-Nonadienal",HZYHMHHBBBSGHB-ODYTWBPASA-N
trans-2-Nonenal,BSAIUMLZVGUGKX-BQYQJAHWSA-N
n-Decyl acetate,NUPSHWCALHZGOV-UHFFFAOYSA-N
Dimethyl anthranilate,GVOWHGSUZUUUDR-UHFFFAOYSA-N
trans-2-Undecenal,PANBRUWVURLWGY-MDZDMXLPSA-N
Neryl isobutyrate,OGJYXQFXLSCKTP-LCYFTJDESA-N
cis-4-Decenal,CWRKZMLUDFBPAO-SREVYHEPSA-N
Octyl formate,AVBRYQRTMPHARE-UHFFFAOYSA-N
(±)-2-Butanol,BTANRVKWQNVYAZ-UHFFFAOYSA-N
2-Isopropyl-3-methoxypyrazine,NTOPKICPEQUPPH-UHFFFAOYSA-N
2-sec-Butyl-3-methoxypyrazine,QMQDJVIJVPEQHE-UHFFFAOYSA-N
cis-6-Nonenal,RTNPCOBSXBGDMO-ARJAWSKDSA-N
beta-Damascone,BGTBFNDXYDYBEY-FNORWQNLSA-N
Diethyl sulfide,LJSQFQKUNVCTIA-UHFFFAOYSA-N
Ethyl 2-methylpentanoate,HZPKNSYIDSNZKW-UHFFFAOYSA-N
2-Methoxy-3-(1-methylpropyl)pyrazine (Methoxymethylpropylpyrazine),QMQDJVIJVPEQHE-UHFFFAOYSA-N
Farnesene,CXENHBSYCFFKJS-VDQVFBMKSA-N
"e,b,Farnesene",JSNRRGGBADWTMC-NTCAYCPXSA-N
trans-2-Methyl-2-butenal ,ACWQBUSCFPJUPN-HYXAFXHYSA-N
diacetyl,QSJXEFYPDANLFS-UHFFFAOYSA-N
galaxolide,ONKNPOPIGWHAQC-UHFFFAOYSA-N
isobutyraldehyde,AMIMRNSIRUDHCM-UHFFFAOYSA-N
helional,BOPPSUHPZARXTH-UHFFFAOYSA-N
"1,9-nonanediol",ALVZNPYWJMLXKV-UHFFFAOYSA-N
octanedioic acid (suberic acid),TYFQFVWCELRYAO-UHFFFAOYSA-N
decanedioic acid (sebacic acid),CXMXRPHRNRROMY-UHFFFAOYSA-N
Anisole ,RDOXTESZEPMUJZ-UHFFFAOYSA-N
"2,3-Diethylpyrazine",GZXXANJCCWGCSV-UHFFFAOYSA-N
2-Methylbutyric acid,WLAMNBDJUVNPJU-BYPYZUCNSA-N
Cyclobutanecarboxylic acid,TXWOGHSRPAYOML-UHFFFAOYSA-N
"Isopentylamine (1-Amino-3-methylbutane, Isoamylamine)",BMFVGAAISNGQNM-UHFFFAOYSA-N
"Quinoline (1-Benzazine;  2,3-Benzopyridine)",SMWDFEZZVXVKRB-UHFFFAOYSA-N
Pentyl propionate (Amyl propionate)1,TWSRVQVEYJNFKQ-UHFFFAOYSA-N
Ethyl Maltol,YIKYNHJUKRTCJL-UHFFFAOYSA-N
